time,force,rpm,label
2021-04-12 09:14:00.765000+00:00,778,5001,0
2021-04-12 09:14:02.666000+00:00,783,5028,0
2021-04-12 09:14:04.570000+00:00,778,5018,0
2021-04-12 09:14:06.488000+00:00,787,5020,0
2021-04-12 09:14:08.405000+00:00,795,5021,0
2021-04-12 09:14:10.307000+00:00,783,4977,0
2021-04-12 09:14:12.223000+00:00,787,4995,0
2021-04-12 09:14:14.141000+00:00,791,5025,0
2021-04-12 09:14:16.062000+00:00,795,5002,0
2021-04-12 09:14:17.963000+00:00,774,5048,0
2021-04-12 09:14:19.888000+00:00,787,5035,0
2021-04-12 09:14:21.790000+00:00,787,4962,0
2021-04-12 09:14:23.704000+00:00,800,4969,0
2021-04-12 09:14:25.624000+00:00,795,5036,0
2021-04-12 09:14:27.545000+00:00,800,4971,0
2021-04-12 09:14:29.446000+00:00,787,4960,0
2021-04-12 09:14:31.348000+00:00,787,5015,0
2021-04-12 09:14:33.245000+00:00,791,4996,0
2021-04-12 09:14:35.201000+00:00,791,4973,0
2021-04-12 09:14:37.123000+00:00,795,4973,0
2021-04-12 09:14:39.026000+00:00,787,4972,0
2021-04-12 09:14:40.926000+00:00,791,4971,0
2021-04-12 09:14:42.844000+00:00,787,4978,0
2021-04-12 09:14:44.764000+00:00,795,4991,0
2021-04-12 09:14:46.687000+00:00,795,5008,0
2021-04-12 09:14:48.583000+00:00,783,4998,0
2021-04-12 09:14:50.482000+00:00,787,4985,0
2021-04-12 09:14:52.403000+00:00,795,4961,0
2021-04-12 09:14:54.325000+00:00,795,5014,0
2021-04-12 09:14:56.242000+00:00,800,5026,0
2021-04-12 09:14:58.146000+00:00,774,5048,0
2021-04-12 09:15:00.040000+00:00,778,5037,0
2021-04-12 09:15:01.961000+00:00,791,5030,0
2021-04-12 09:15:03.882000+00:00,800,4971,0
2021-04-12 09:15:05.802000+00:00,795,5035,0
2021-04-12 09:15:07.703000+00:00,783,5000,0
2021-04-12 09:15:09.605000+00:00,778,5027,0
2021-04-12 09:15:11.541000+00:00,783,5025,0
2021-04-12 09:15:13.464000+00:00,795,4975,0
2021-04-12 09:15:15.384000+00:00,800,5045,0
2021-04-12 09:15:17.301000+00:00,774,5029,0
2021-04-12 09:15:19.203000+00:00,787,4967,0
2021-04-12 09:15:21.123000+00:00,787,4982,0
2021-04-12 09:15:23.044000+00:00,795,5003,0
2021-04-12 09:15:24.967000+00:00,791,5028,0
2021-04-12 09:15:26.885000+00:00,791,4966,0
2021-04-12 09:15:28.780000+00:00,783,4993,0
2021-04-12 09:15:30.682000+00:00,800,5020,0
2021-04-12 09:15:32.621000+00:00,795,5021,0
2021-04-12 09:15:34.563000+00:00,800,5002,0
2021-04-12 09:15:36.482000+00:00,800,5053,0
2021-04-12 09:15:38.379000+00:00,783,5035,0
2021-04-12 09:15:40.280000+00:00,800,5028,0
2021-04-12 09:15:42.205000+00:00,795,5017,0
2021-04-12 09:15:44.143000+00:00,807,4977,0
2021-04-12 09:15:46.041000+00:00,783,5045,0
2021-04-12 09:15:47.942000+00:00,783,5018,0
2021-04-12 09:15:49.839000+00:00,787,3844,0
2021-04-12 09:15:51.740000+00:00,803,-8,0
2021-04-12 09:15:53.641000+00:00,807,1,0
2021-04-12 09:15:55.564000+00:00,815,-2,0
2021-04-12 09:15:57.458000+00:00,778,2,0
2021-04-12 09:16:01.264000+00:00,811,-2,0
2021-04-12 09:16:05.101000+00:00,807,-1,0
2021-04-12 09:16:10.802000+00:00,803,-3,0
2021-04-12 09:16:14.640000+00:00,807,-1,0
2021-04-12 09:16:24.180000+00:00,807,-2,0
2021-04-12 09:16:26.077000+00:00,787,1,0
2021-04-12 09:16:27.979000+00:00,807,-1,0
2021-04-12 09:16:29.882000+00:00,803,1,0
2021-04-12 09:16:37.662000+00:00,800,-2,0
2021-04-12 09:16:41.464000+00:00,811,1,0
2021-04-12 09:16:43.399000+00:00,811,-3,0
2021-04-12 09:16:47.238000+00:00,787,2,0
2021-04-12 09:16:51.061000+00:00,803,-2,0
2021-04-12 09:16:52.984000+00:00,800,-1,0
2021-04-12 09:16:54.899000+00:00,807,1060,0
2021-04-12 09:16:56.821000+00:00,783,10374,0
2021-04-12 09:16:58.740000+00:00,795,10021,0
2021-04-12 09:17:00.659000+00:00,795,38,0
2021-04-12 09:17:02.580000+00:00,807,-1,0
2021-04-12 09:17:04.499000+00:00,811,-3,0
2021-04-12 09:17:15.958000+00:00,668,-2,0
2021-04-12 09:17:17.880000+00:00,791,-1,0
2021-04-12 09:17:19.798000+00:00,795,-2,0
2021-04-12 09:17:21.723000+00:00,778,1,0
2021-04-12 09:17:25.535000+00:00,701,-3,0
2021-04-12 09:17:31.318000+00:00,704,3,0
2021-04-12 09:17:33.238000+00:00,636,-1,0
2021-04-12 09:17:35.136000+00:00,553,6,0
2021-04-12 09:17:37.036000+00:00,803,1,0
2021-04-12 09:17:40.862000+00:00,864,-3,0
2021-04-12 09:17:42.783000+00:00,553,2,0
2021-04-12 09:17:45.575000+00:00,525,-2,0
2021-04-12 09:17:49.594000+00:00,783,10253,0
2021-04-12 09:17:51.514000+00:00,791,10039,0
2021-04-12 09:17:53.418000+00:00,758,10027,0
2021-04-12 09:17:55.317000+00:00,770,10024,0
2021-04-12 09:17:57.241000+00:00,770,10026,0
2021-04-12 09:17:59.156000+00:00,774,9980,0
2021-04-12 09:18:01.081000+00:00,783,10029,0
2021-04-12 09:18:02.998000+00:00,791,9990,0
2021-04-12 09:18:04.893000+00:00,763,9998,0
2021-04-12 09:18:06.812000+00:00,778,10025,0
2021-04-12 09:18:08.734000+00:00,778,10006,0
2021-04-12 09:18:10.654000+00:00,778,10029,0
2021-04-12 09:18:12.556000+00:00,763,10010,0
2021-04-12 09:18:14.477000+00:00,767,10026,0
2021-04-12 09:18:16.377000+00:00,767,10021,0
2021-04-12 09:18:18.298000+00:00,774,9992,0
2021-04-12 09:18:20.215000+00:00,778,10016,0
2021-04-12 09:18:22.139000+00:00,791,10018,0
2021-04-12 09:18:24.073000+00:00,758,10001,0
2021-04-12 09:18:25.979000+00:00,770,10025,0
2021-04-12 09:18:27.915000+00:00,774,10000,0
2021-04-12 09:18:29.853000+00:00,795,10007,0
2021-04-12 09:18:31.773000+00:00,807,10019,0
2021-04-12 09:18:33.675000+00:00,774,10025,0
2021-04-12 09:18:35.575000+00:00,770,9984,0
2021-04-12 09:18:37.497000+00:00,767,10019,0
2021-04-12 09:18:39.416000+00:00,778,10007,0
2021-04-12 09:18:41.334000+00:00,800,9984,0
2021-04-12 09:18:43.256000+00:00,803,9980,0
2021-04-12 09:18:45.154000+00:00,763,9991,0
2021-04-12 09:18:47.072000+00:00,778,10013,0
2021-04-12 09:18:48.993000+00:00,800,10031,0
2021-04-12 09:18:50.911000+00:00,803,9996,0
2021-04-12 09:18:52.814000+00:00,763,10024,0
2021-04-12 09:18:54.736000+00:00,778,10031,0
2021-04-12 09:18:56.652000+00:00,787,10028,0
2021-04-12 09:18:58.573000+00:00,795,9982,0
2021-04-12 09:19:00.515000+00:00,778,9970,0
2021-04-12 09:19:02.413000+00:00,763,9982,0
2021-04-12 09:19:04.319000+00:00,767,10017,0
2021-04-12 09:19:06.234000+00:00,763,10019,0
2021-04-12 09:19:08.172000+00:00,774,10015,0
2021-04-12 09:19:10.152000+00:00,783,9964,0
2021-04-12 09:19:12.077000+00:00,803,10022,0
2021-04-12 09:19:13.992000+00:00,811,10025,0
2021-04-12 09:19:15.896000+00:00,774,9999,0
2021-04-12 09:19:17.815000+00:00,783,9979,0
2021-04-12 09:19:19.734000+00:00,800,10007,0
2021-04-12 09:19:21.653000+00:00,807,10030,0
2021-04-12 09:19:23.550000+00:00,763,10024,0
2021-04-12 09:19:25.494000+00:00,783,9981,0
2021-04-12 09:19:27.432000+00:00,795,9995,0
2021-04-12 09:19:29.351000+00:00,791,9972,0
2021-04-12 09:19:31.273000+00:00,815,9982,0
2021-04-12 09:19:33.192000+00:00,815,9997,0
2021-04-12 09:19:35.094000+00:00,791,9971,0
2021-04-12 09:19:37.013000+00:00,815,9991,0
2021-04-12 09:19:38.933000+00:00,795,10013,0
2021-04-12 09:19:40.857000+00:00,824,9983,0
2021-04-12 09:19:42.755000+00:00,758,10012,0
2021-04-12 09:19:44.669000+00:00,783,10028,0
2021-04-12 09:19:46.592000+00:00,795,2805,0
2021-04-12 09:19:48.509000+00:00,800,-8,0
2021-04-12 09:19:50.411000+00:00,783,4,0
2021-04-12 09:19:54.213000+00:00,680,-17,0
2021-04-12 09:19:56.110000+00:00,553,4,0
2021-04-12 09:19:58.031000+00:00,795,-1,0
2021-04-12 09:20:01.851000+00:00,791,3,0
2021-04-12 09:20:03.749000+00:00,807,-1,0
2021-04-12 09:20:05.652000+00:00,807,3,0
2021-04-12 09:20:13.271000+00:00,791,1,0
2021-04-12 09:20:15.171000+00:00,807,1,0
2021-04-12 09:20:17.092000+00:00,820,1,0
2021-04-12 09:20:20.932000+00:00,778,2,0
2021-04-12 09:20:24.808000+00:00,795,-1,0
2021-04-12 09:20:30.551000+00:00,795,3,0
2021-04-12 09:20:34.349000+00:00,791,-1,0
2021-04-12 09:20:38.174000+00:00,815,1,0
2021-04-12 09:20:40.070000+00:00,778,2,0
2021-04-12 09:20:41.968000+00:00,791,3,0
2021-04-12 09:20:43.868000+00:00,815,-1,0
2021-04-12 09:20:45.790000+00:00,741,16118,0
2021-04-12 09:20:47.709000+00:00,754,15154,0
2021-04-12 09:20:49.610000+00:00,730,15008,0
2021-04-12 09:20:51.530000+00:00,737,14999,0
2021-04-12 09:20:53.450000+00:00,741,14994,0
2021-04-12 09:20:55.369000+00:00,746,15006,0
2021-04-12 09:20:57.290000+00:00,754,14985,0
2021-04-12 09:20:59.214000+00:00,754,14991,0
2021-04-12 09:21:01.130000+00:00,734,15019,0
2021-04-12 09:21:03.049000+00:00,758,15001,0
2021-04-12 09:21:05.108000+00:00,758,14984,0
2021-04-12 09:21:07.028000+00:00,746,15003,0
2021-04-12 09:21:08.929000+00:00,750,14987,0
2021-04-12 09:21:10.826000+00:00,754,14997,0
2021-04-12 09:21:12.750000+00:00,758,15012,0
2021-04-12 09:21:14.667000+00:00,754,14992,0
2021-04-12 09:21:16.587000+00:00,758,14991,0
2021-04-12 09:21:18.489000+00:00,741,14996,0
2021-04-12 09:21:20.392000+00:00,750,14996,0
2021-04-12 09:21:22.314000+00:00,754,14989,0
2021-04-12 09:21:24.229000+00:00,754,14996,0
2021-04-12 09:21:26.149000+00:00,758,15018,0
2021-04-12 09:21:28.069000+00:00,767,15011,0
2021-04-12 09:21:29.966000+00:00,750,14986,0
2021-04-12 09:21:31.888000+00:00,746,15006,0
2021-04-12 09:21:34.167000+00:00,750,15005,0
2021-04-12 09:21:36.169000+00:00,783,14996,0
2021-04-12 09:21:38.093000+00:00,820,15008,0
2021-04-12 09:21:39.986000+00:00,774,14990,0
2021-04-12 09:21:41.905000+00:00,754,14998,0
2021-04-12 09:21:43.825000+00:00,758,15000,0
2021-04-12 09:21:45.846000+00:00,763,15017,0
2021-04-12 09:21:47.766000+00:00,734,15013,0
2021-04-12 09:21:49.669000+00:00,741,15012,0
2021-04-12 09:21:51.564000+00:00,754,14988,0
2021-04-12 09:21:53.845000+00:00,750,15010,0
2021-04-12 09:21:55.848000+00:00,767,14981,0
2021-04-12 09:21:57.789000+00:00,767,15000,0
2021-04-12 09:21:59.689000+00:00,737,15012,0
2021-04-12 09:22:01.612000+00:00,737,14992,0
2021-04-12 09:22:03.528000+00:00,767,14981,0
2021-04-12 09:22:05.447000+00:00,767,15001,0
2021-04-12 09:22:07.368000+00:00,746,15016,0
2021-04-12 09:22:09.287000+00:00,750,14995,0
2021-04-12 09:22:11.187000+00:00,737,14980,0
2021-04-12 09:22:13.109000+00:00,741,15006,0
2021-04-12 09:22:15.024000+00:00,746,15015,0
2021-04-12 09:22:16.945000+00:00,746,14994,0
2021-04-12 09:22:18.846000+00:00,750,15006,0
2021-04-12 09:22:20.747000+00:00,754,15011,0
2021-04-12 09:22:22.667000+00:00,758,14987,0
2021-04-12 09:22:24.589000+00:00,763,14986,0
2021-04-12 09:22:26.507000+00:00,767,15006,0
2021-04-12 09:22:28.427000+00:00,770,15014,0
2021-04-12 09:22:30.348000+00:00,754,15003,0
2021-04-12 09:22:32.267000+00:00,754,14987,0
2021-04-12 09:22:34.188000+00:00,758,14998,0
2021-04-12 09:22:36.109000+00:00,770,15018,0
2021-04-12 09:22:38.027000+00:00,770,14999,0
2021-04-12 09:22:39.926000+00:00,746,14983,0
2021-04-12 09:22:41.844000+00:00,767,14997,0
2021-04-12 09:22:43.764000+00:00,754,15008,0
2021-04-12 09:22:45.683000+00:00,800,3423,0
2021-04-12 09:22:49.509000+00:00,758,6,0
2021-04-12 09:22:51.410000+00:00,1115,3,0
2021-04-12 09:22:53.326000+00:00,1266,-8,0
2021-04-12 09:22:55.246000+00:00,857,-2,0
2021-04-12 09:22:57.167000+00:00,831,-1,0
2021-04-12 09:22:59.066000+00:00,807,2,0
2021-04-12 09:23:00.965000+00:00,807,1,0
2021-04-12 09:23:04.785000+00:00,815,1,0
2021-04-12 09:23:06.710000+00:00,852,1,0
2021-04-12 09:23:08.602000+00:00,824,1,0
2021-04-12 09:23:14.484000+00:00,831,2,0
2021-04-12 09:23:16.384000+00:00,815,1,0
2021-04-12 09:23:18.285000+00:00,820,1,0
2021-04-12 09:23:23.985000+00:00,873,1,0
2021-04-12 09:23:27.805000+00:00,836,1,0
2021-04-12 09:23:29.705000+00:00,828,-1,0
2021-04-12 09:23:39.261000+00:00,800,-4,0
2021-04-12 09:23:41.168000+00:00,820,1,0
2021-04-12 09:23:43.083000+00:00,730,21346,0
2021-04-12 09:23:45.003000+00:00,717,20201,0
2021-04-12 09:23:46.904000+00:00,701,20038,0
2021-04-12 09:23:48.804000+00:00,697,20011,0
2021-04-12 09:23:50.720000+00:00,717,20001,0
2021-04-12 09:23:52.644000+00:00,713,19996,0
2021-04-12 09:23:54.561000+00:00,713,20003,0
2021-04-12 09:23:56.463000+00:00,701,20008,0
2021-04-12 09:23:58.364000+00:00,693,20001,0
2021-04-12 09:24:00.284000+00:00,704,19989,0
2021-04-12 09:24:02.204000+00:00,704,19979,0
2021-04-12 09:24:04.127000+00:00,709,20003,0
2021-04-12 09:24:06.046000+00:00,717,19997,0
2021-04-12 09:24:07.942000+00:00,693,20000,0
2021-04-12 09:24:09.861000+00:00,701,20006,0
2021-04-12 09:24:11.807000+00:00,713,19983,0
2021-04-12 09:24:13.782000+00:00,709,20004,0
2021-04-12 09:24:15.706000+00:00,704,19991,0
2021-04-12 09:24:17.600000+00:00,689,19998,0
2021-04-12 09:24:19.521000+00:00,704,19999,0
2021-04-12 09:24:21.441000+00:00,701,20004,0
2021-04-12 09:24:23.362000+00:00,709,20004,0
2021-04-12 09:24:25.262000+00:00,693,20005,0
2021-04-12 09:24:27.164000+00:00,697,19999,0
2021-04-12 09:24:29.083000+00:00,697,20007,0
2021-04-12 09:24:31.007000+00:00,701,19994,0
2021-04-12 09:24:32.923000+00:00,717,19999,0
2021-04-12 09:24:34.843000+00:00,717,19999,0
2021-04-12 09:24:36.741000+00:00,689,20004,0
2021-04-12 09:24:38.660000+00:00,709,20017,0
2021-04-12 09:24:40.580000+00:00,713,20011,0
2021-04-12 09:24:42.500000+00:00,709,20008,0
2021-04-12 09:24:44.403000+00:00,693,20000,0
2021-04-12 09:24:46.423000+00:00,701,20008,0
2021-04-12 09:24:48.347000+00:00,693,19983,0
2021-04-12 09:24:50.262000+00:00,730,20009,0
2021-04-12 09:24:52.182000+00:00,730,20006,0
2021-04-12 09:24:54.102000+00:00,730,19997,0
2021-04-12 09:24:56.001000+00:00,693,20006,0
2021-04-12 09:24:57.918000+00:00,704,19995,0
2021-04-12 09:24:59.840000+00:00,713,19993,0
2021-04-12 09:25:01.759000+00:00,726,20010,0
2021-04-12 09:25:03.660000+00:00,697,19995,0
2021-04-12 09:25:05.659000+00:00,704,20003,0
2021-04-12 09:25:07.601000+00:00,701,19993,0
2021-04-12 09:25:09.521000+00:00,709,19997,0
2021-04-12 09:25:11.442000+00:00,717,19991,0
2021-04-12 09:25:13.361000+00:00,717,20003,0
2021-04-12 09:25:15.258000+00:00,684,20000,0
2021-04-12 09:25:17.179000+00:00,701,20003,0
2021-04-12 09:25:19.098000+00:00,704,20005,0
2021-04-12 09:25:21.018000+00:00,717,20012,0
2021-04-12 09:25:22.939000+00:00,717,20015,0
2021-04-12 09:25:24.839000+00:00,689,20001,0
2021-04-12 09:25:26.741000+00:00,697,19995,0
2021-04-12 09:25:28.660000+00:00,693,20003,0
2021-04-12 09:25:30.585000+00:00,701,19995,0
2021-04-12 09:25:32.500000+00:00,704,19996,0
2021-04-12 09:25:34.425000+00:00,717,20002,0
2021-04-12 09:25:36.340000+00:00,704,20009,0
2021-04-12 09:25:38.261000+00:00,697,20001,0
2021-04-12 09:25:40.180000+00:00,704,20004,0
2021-04-12 09:25:42.119000+00:00,717,20004,0
2021-04-12 09:25:44.023000+00:00,770,4316,0
2021-04-12 09:25:45.919000+00:00,778,25,0
2021-04-12 09:25:49.802000+00:00,836,47,0
2021-04-12 09:25:51.737000+00:00,615,-2,0
2021-04-12 09:25:53.638000+00:00,774,5,0
2021-04-12 09:25:55.540000+00:00,967,-3,0
2021-04-12 09:25:57.460000+00:00,783,1,0
2021-04-12 09:25:59.358000+00:00,800,-1,0
2021-04-12 09:26:01.279000+00:00,643,27164,0
2021-04-12 09:26:03.180000+00:00,631,25355,0
2021-04-12 09:26:05.081000+00:00,636,25084,0
2021-04-12 09:26:07.004000+00:00,636,25016,0
2021-04-12 09:26:08.921000+00:00,636,24997,0
2021-04-12 09:26:10.844000+00:00,647,24999,0
2021-04-12 09:26:12.759000+00:00,656,24997,0
2021-04-12 09:26:14.659000+00:00,631,24992,0
2021-04-12 09:26:16.576000+00:00,647,24991,0
2021-04-12 09:26:18.497000+00:00,647,25014,0
2021-04-12 09:26:20.416000+00:00,652,24983,0
2021-04-12 09:26:22.318000+00:00,631,25028,0
2021-04-12 09:26:24.219000+00:00,631,25000,0
2021-04-12 09:26:26.138000+00:00,643,24995,0
2021-04-12 09:26:28.063000+00:00,652,25027,0
2021-04-12 09:26:29.979000+00:00,647,25023,0
2021-04-12 09:26:31.899000+00:00,652,24990,0
2021-04-12 09:26:33.795000+00:00,631,24995,0
2021-04-12 09:26:35.716000+00:00,636,25000,0
2021-04-12 09:26:37.639000+00:00,643,24999,0
2021-04-12 09:26:39.555000+00:00,652,24986,0
2021-04-12 09:26:41.460000+00:00,631,25013,0
2021-04-12 09:26:43.377000+00:00,640,24991,0
2021-04-12 09:26:45.279000+00:00,636,24989,0
2021-04-12 09:26:47.219000+00:00,647,25005,0
2021-04-12 09:26:49.141000+00:00,656,24991,0
2021-04-12 09:26:51.058000+00:00,676,24977,0
2021-04-12 09:26:52.959000+00:00,660,24992,0
2021-04-12 09:26:54.878000+00:00,636,24995,0
2021-04-12 09:26:56.800000+00:00,643,24984,0
2021-04-12 09:26:58.739000+00:00,640,24999,0
2021-04-12 09:27:00.660000+00:00,652,25007,0
2021-04-12 09:27:02.558000+00:00,636,25009,0
2021-04-12 09:27:04.482000+00:00,631,24991,0
2021-04-12 09:27:06.435000+00:00,640,25002,0
2021-04-12 09:27:08.354000+00:00,640,24991,0
2021-04-12 09:27:10.258000+00:00,627,25015,0
2021-04-12 09:27:12.156000+00:00,627,24985,0
2021-04-12 09:27:14.076000+00:00,640,25003,0
2021-04-12 09:27:15.997000+00:00,643,25007,0
2021-04-12 09:27:17.921000+00:00,647,25001,0
2021-04-12 09:27:19.839000+00:00,647,24995,0
2021-04-12 09:27:21.738000+00:00,631,25000,0
2021-04-12 09:27:23.658000+00:00,640,25004,0
2021-04-12 09:27:25.577000+00:00,643,25000,0
2021-04-12 09:27:27.495000+00:00,652,25004,0
2021-04-12 09:27:29.396000+00:00,627,25000,0
2021-04-12 09:27:31.296000+00:00,627,24994,0
2021-04-12 09:27:33.234000+00:00,636,24980,0
2021-04-12 09:27:35.154000+00:00,647,25005,0
2021-04-12 09:27:37.075000+00:00,652,24997,0
2021-04-12 09:27:38.994000+00:00,652,24988,0
2021-04-12 09:27:40.897000+00:00,623,25005,0
2021-04-12 09:27:42.819000+00:00,767,8208,0
2021-04-12 09:27:44.715000+00:00,778,91,0
2021-04-12 09:27:46.636000+00:00,623,-9,0
2021-04-12 09:27:48.553000+00:00,885,-2,0
2021-04-12 09:27:54.276000+00:00,562,31082,0
2021-04-12 09:27:56.199000+00:00,586,30211,0
2021-04-12 09:27:58.119000+00:00,586,30006,0
2021-04-12 09:28:00.039000+00:00,594,29977,0
2021-04-12 09:28:01.955000+00:00,557,30005,0
2021-04-12 09:28:03.934000+00:00,570,30006,0
2021-04-12 09:28:05.855000+00:00,582,30009,0
2021-04-12 09:28:07.775000+00:00,590,29996,0
2021-04-12 09:28:09.756000+00:00,590,29971,0
2021-04-12 09:28:11.652000+00:00,574,30015,0
2021-04-12 09:28:13.574000+00:00,586,30035,0
2021-04-12 09:28:15.492000+00:00,586,30001,0
2021-04-12 09:28:17.413000+00:00,590,30019,0
2021-04-12 09:28:19.314000+00:00,562,29985,0
2021-04-12 09:28:21.216000+00:00,562,30031,0
2021-04-12 09:28:23.134000+00:00,574,30040,0
2021-04-12 09:28:25.056000+00:00,574,30004,0
2021-04-12 09:28:26.995000+00:00,577,30016,0
2021-04-12 09:28:28.914000+00:00,590,30008,0
2021-04-12 09:28:30.814000+00:00,562,29988,0
2021-04-12 09:28:32.739000+00:00,566,30010,0
2021-04-12 09:28:34.654000+00:00,582,29988,0
2021-04-12 09:28:36.575000+00:00,574,29970,0
2021-04-12 09:28:38.494000+00:00,582,30009,0
2021-04-12 09:28:40.392000+00:00,582,30005,0
2021-04-12 09:28:42.311000+00:00,590,30019,0
2021-04-12 09:28:44.235000+00:00,586,30039,0
2021-04-12 09:28:46.151000+00:00,590,30059,0
2021-04-12 09:28:48.052000+00:00,566,30006,0
2021-04-12 09:28:49.975000+00:00,599,29992,0
2021-04-12 09:28:51.873000+00:00,574,29992,0
2021-04-12 09:28:53.793000+00:00,577,29978,0
2021-04-12 09:28:55.713000+00:00,582,30020,0
2021-04-12 09:28:57.633000+00:00,577,29974,0
2021-04-12 09:28:59.531000+00:00,562,29991,0
2021-04-12 09:29:01.533000+00:00,570,30002,0
2021-04-12 09:29:03.454000+00:00,570,29999,0
2021-04-12 09:29:05.391000+00:00,577,29999,0
2021-04-12 09:29:07.313000+00:00,590,30003,0
2021-04-12 09:29:09.213000+00:00,570,30019,0
2021-04-12 09:29:11.133000+00:00,562,29994,0
2021-04-12 09:29:13.053000+00:00,577,29992,0
2021-04-12 09:29:14.973000+00:00,577,30004,0
2021-04-12 09:29:16.910000+00:00,586,30001,0
2021-04-12 09:29:18.833000+00:00,557,29977,0
2021-04-12 09:29:20.737000+00:00,574,29985,0
2021-04-12 09:29:22.653000+00:00,570,29976,0
2021-04-12 09:29:24.613000+00:00,577,29977,0
2021-04-12 09:29:26.573000+00:00,586,30009,0
2021-04-12 09:29:28.492000+00:00,562,29998,0
2021-04-12 09:29:30.394000+00:00,577,29982,0
2021-04-12 09:29:32.312000+00:00,570,30001,0
2021-04-12 09:29:34.233000+00:00,586,30010,0
2021-04-12 09:29:36.152000+00:00,594,30028,0
2021-04-12 09:29:38.072000+00:00,599,30008,0
2021-04-12 09:29:39.968000+00:00,562,29974,0
2021-04-12 09:29:41.972000+00:00,577,30004,0
2021-04-12 09:29:43.892000+00:00,594,30007,0
2021-04-12 09:29:45.812000+00:00,787,6526,0
2021-04-12 09:29:47.732000+00:00,791,-6,0
2021-04-12 09:29:49.656000+00:00,763,5,0
2021-04-12 09:29:51.548000+00:00,991,-2,0
2021-04-12 09:29:53.450000+00:00,1065,2,0
2021-04-12 09:29:55.370000+00:00,668,-3,0
2021-04-12 09:29:57.293000+00:00,795,-9,0
2021-04-12 09:29:59.191000+00:00,787,3,0
2021-04-12 09:30:04.896000+00:00,770,-2,0
2021-04-12 09:30:12.510000+00:00,791,3,0
2021-04-12 09:30:14.431000+00:00,800,-2,0
2021-04-12 09:30:16.350000+00:00,800,-3,0
2021-04-12 09:30:18.293000+00:00,811,1,0
2021-04-12 09:30:20.195000+00:00,787,2,0
2021-04-12 09:30:24.008000+00:00,800,1,0
2021-04-12 09:30:25.928000+00:00,803,1,0
2021-04-12 09:30:27.828000+00:00,778,1,0
2021-04-12 09:30:29.731000+00:00,803,1,0
2021-04-12 09:30:31.629000+00:00,795,3,0
2021-04-12 09:30:33.547000+00:00,807,-2,0
2021-04-12 09:30:35.469000+00:00,820,1,0
2021-04-12 09:30:37.372000+00:00,820,2,0
2021-04-12 09:30:39.270000+00:00,557,1,0
2021-04-12 09:30:41.169000+00:00,783,-2,0
2021-04-12 09:30:44.988000+00:00,767,-1,0
2021-04-12 09:30:48.787000+00:00,549,-2,0
2021-04-12 09:30:50.752000+00:00,623,3,0
2021-04-12 09:30:52.653000+00:00,807,-1,0
2021-04-12 09:30:54.588000+00:00,795,-1,0
2021-04-12 09:30:56.527000+00:00,529,-1,0
2021-04-12 09:31:00.331000+00:00,1176,-3,1
2021-04-12 09:31:02.249000+00:00,1245,-1,1
2021-04-12 09:31:06.089000+00:00,824,2,1
2021-04-12 09:31:07.988000+00:00,783,-2,1
2021-04-12 09:31:09.886000+00:00,791,4999,1
2021-04-12 09:31:11.808000+00:00,787,4961,1
2021-04-12 09:31:13.746000+00:00,803,4989,1
2021-04-12 09:31:15.691000+00:00,778,5026,1
2021-04-12 09:31:17.586000+00:00,778,4967,1
2021-04-12 09:31:19.487000+00:00,787,4964,1
2021-04-12 09:31:21.407000+00:00,791,4975,1
2021-04-12 09:31:23.326000+00:00,803,5045,1
2021-04-12 09:31:25.246000+00:00,811,4964,1
2021-04-12 09:31:27.148000+00:00,778,4951,1
2021-04-12 09:31:29.046000+00:00,791,4963,1
2021-04-12 09:31:30.964000+00:00,787,4967,1
2021-04-12 09:31:32.886000+00:00,803,4997,1
2021-04-12 09:31:34.788000+00:00,774,5020,1
2021-04-12 09:31:36.692000+00:00,783,5048,1
2021-04-12 09:31:38.585000+00:00,783,5034,1
2021-04-12 09:31:40.509000+00:00,795,5034,1
2021-04-12 09:31:42.427000+00:00,795,4966,1
2021-04-12 09:31:44.326000+00:00,783,5020,1
2021-04-12 09:31:46.230000+00:00,774,5020,1
2021-04-12 09:31:48.125000+00:00,791,5001,1
2021-04-12 09:31:50.104000+00:00,791,4986,1
2021-04-12 09:31:52.028000+00:00,803,4976,1
2021-04-12 09:31:53.926000+00:00,778,5002,1
2021-04-12 09:31:55.846000+00:00,778,5020,1
2021-04-12 09:31:57.750000+00:00,783,5036,1
2021-04-12 09:31:59.667000+00:00,791,5051,1
2021-04-12 09:32:01.587000+00:00,795,4960,1
2021-04-12 09:32:03.527000+00:00,795,5020,1
2021-04-12 09:32:05.431000+00:00,778,5017,1
2021-04-12 09:32:07.328000+00:00,774,4954,1
2021-04-12 09:32:09.243000+00:00,800,5048,1
2021-04-12 09:32:11.165000+00:00,800,4954,1
2021-04-12 09:32:13.088000+00:00,800,5025,1
2021-04-12 09:32:14.989000+00:00,783,5027,1
2021-04-12 09:32:16.886000+00:00,783,5040,1
2021-04-12 09:32:18.827000+00:00,787,5023,1
2021-04-12 09:32:20.745000+00:00,795,4971,1
2021-04-12 09:32:22.665000+00:00,795,5029,1
2021-04-12 09:32:24.570000+00:00,783,5034,1
2021-04-12 09:32:26.465000+00:00,774,5041,1
2021-04-12 09:32:28.369000+00:00,795,5019,1
2021-04-12 09:32:30.284000+00:00,791,5021,1
2021-04-12 09:32:32.208000+00:00,803,4984,1
2021-04-12 09:32:34.107000+00:00,774,4969,1
2021-04-12 09:32:36.005000+00:00,783,4959,1
2021-04-12 09:32:37.905000+00:00,791,4986,1
2021-04-12 09:32:39.825000+00:00,795,4961,1
2021-04-12 09:32:41.747000+00:00,795,5045,1
2021-04-12 09:32:43.645000+00:00,783,5024,1
2021-04-12 09:32:45.542000+00:00,800,5028,1
2021-04-12 09:32:47.506000+00:00,800,5031,1
2021-04-12 09:32:49.424000+00:00,791,5039,1
2021-04-12 09:32:51.444000+00:00,815,4953,1
2021-04-12 09:32:53.369000+00:00,800,4984,1
2021-04-12 09:32:55.304000+00:00,778,4995,1
2021-04-12 09:32:57.205000+00:00,783,5016,1
2021-04-12 09:32:59.147000+00:00,800,5031,1
2021-04-12 09:33:01.063000+00:00,800,4967,1
2021-04-12 09:33:02.985000+00:00,820,5029,1
2021-04-12 09:33:04.986000+00:00,787,5041,1
2021-04-12 09:33:06.888000+00:00,803,5002,1
2021-04-12 09:33:08.804000+00:00,791,4957,1
2021-04-12 09:33:10.728000+00:00,803,4997,1
2021-04-12 09:33:12.642000+00:00,807,5024,1
2021-04-12 09:33:14.546000+00:00,778,4995,1
2021-04-12 09:33:16.441000+00:00,783,4985,1
2021-04-12 09:33:18.363000+00:00,795,4969,1
2021-04-12 09:33:20.284000+00:00,803,4960,1
2021-04-12 09:33:22.203000+00:00,800,5029,1
2021-04-12 09:33:24.106000+00:00,778,5043,1
2021-04-12 09:33:26.005000+00:00,783,5046,1
2021-04-12 09:33:27.928000+00:00,791,5034,1
2021-04-12 09:33:29.845000+00:00,791,4960,1
2021-04-12 09:33:31.765000+00:00,811,4963,1
2021-04-12 09:33:33.684000+00:00,807,5011,1
2021-04-12 09:33:35.604000+00:00,774,5040,1
2021-04-12 09:33:37.624000+00:00,800,4960,1
2021-04-12 09:33:39.541000+00:00,807,5009,1
2021-04-12 09:33:41.484000+00:00,824,4977,1
2021-04-12 09:33:43.403000+00:00,824,5045,1
2021-04-12 09:33:45.300000+00:00,774,5033,1
2021-04-12 09:33:47.202000+00:00,811,5014,1
2021-04-12 09:33:49.124000+00:00,795,4989,1
2021-04-12 09:33:51.084000+00:00,807,5042,1
2021-04-12 09:33:53.003000+00:00,820,5038,1
2021-04-12 09:33:54.899000+00:00,778,4968,1
2021-04-12 09:33:56.802000+00:00,791,4961,1
2021-04-12 09:33:58.723000+00:00,795,4965,1
2021-04-12 09:34:00.641000+00:00,800,5005,1
2021-04-12 09:34:02.561000+00:00,803,5014,1
2021-04-12 09:34:04.464000+00:00,807,5036,1
2021-04-12 09:34:06.362000+00:00,791,5031,1
2021-04-12 09:34:08.281000+00:00,787,4997,1
2021-04-12 09:34:10.199000+00:00,800,4976,1
2021-04-12 09:34:12.102000+00:00,778,5011,1
2021-04-12 09:34:14.002000+00:00,783,5022,1
2021-04-12 09:34:15.899000+00:00,787,5035,1
2021-04-12 09:34:17.880000+00:00,795,5028,1
2021-04-12 09:34:19.799000+00:00,795,5033,1
2021-04-12 09:34:21.701000+00:00,787,5044,1
2021-04-12 09:34:23.601000+00:00,778,5035,1
2021-04-12 09:34:25.522000+00:00,791,5021,1
2021-04-12 09:34:27.441000+00:00,795,4962,1
2021-04-12 09:34:29.362000+00:00,807,4971,1
2021-04-12 09:34:31.282000+00:00,815,5041,1
2021-04-12 09:34:33.178000+00:00,774,5032,1
2021-04-12 09:34:35.080000+00:00,800,5008,1
2021-04-12 09:34:37.002000+00:00,795,4983,1
2021-04-12 09:34:38.922000+00:00,815,4987,1
2021-04-12 09:34:40.841000+00:00,824,5027,1
2021-04-12 09:34:42.741000+00:00,815,5030,1
2021-04-12 09:34:44.640000+00:00,787,5029,1
2021-04-12 09:34:46.558000+00:00,791,5035,1
2021-04-12 09:34:48.506000+00:00,803,4985,1
2021-04-12 09:34:50.421000+00:00,800,5033,1
2021-04-12 09:34:52.342000+00:00,815,4954,1
2021-04-12 09:34:54.240000+00:00,800,5016,1
2021-04-12 09:34:56.158000+00:00,787,5017,1
2021-04-12 09:34:58.078000+00:00,800,4965,1
2021-04-12 09:34:59.997000+00:00,807,5038,1
2021-04-12 09:35:01.900000+00:00,783,-35,1
2021-04-12 09:35:03.803000+00:00,778,11627,1
2021-04-12 09:35:05.720000+00:00,783,10217,1
2021-04-12 09:35:07.659000+00:00,791,10052,1
2021-04-12 09:35:09.581000+00:00,795,10024,1
2021-04-12 09:35:11.480000+00:00,774,10014,1
2021-04-12 09:35:13.400000+00:00,778,10026,1
2021-04-12 09:35:15.325000+00:00,778,10023,1
2021-04-12 09:35:17.241000+00:00,803,10030,1
2021-04-12 09:35:19.161000+00:00,803,10000,1
2021-04-12 09:35:21.081000+00:00,803,9977,1
2021-04-12 09:35:22.981000+00:00,767,9977,1
2021-04-12 09:35:24.878000+00:00,783,9999,1
2021-04-12 09:35:26.803000+00:00,783,10022,1
2021-04-12 09:35:28.719000+00:00,795,9996,1
2021-04-12 09:35:30.638000+00:00,800,10035,1
2021-04-12 09:35:32.561000+00:00,770,10039,1
2021-04-12 09:35:34.479000+00:00,774,10003,1
2021-04-12 09:35:36.402000+00:00,791,9968,1
2021-04-12 09:35:38.319000+00:00,795,9981,1
2021-04-12 09:35:40.242000+00:00,807,9968,1
2021-04-12 09:35:42.139000+00:00,774,9986,1
2021-04-12 09:35:44.036000+00:00,783,9988,1
2021-04-12 09:35:45.984000+00:00,787,10012,1
2021-04-12 09:35:47.899000+00:00,783,9974,1
2021-04-12 09:35:49.819000+00:00,800,10031,1
2021-04-12 09:35:51.715000+00:00,774,9982,1
2021-04-12 09:35:53.622000+00:00,791,9997,1
2021-04-12 09:35:55.540000+00:00,791,10024,1
2021-04-12 09:35:57.457000+00:00,791,9988,1
2021-04-12 09:35:59.380000+00:00,795,9978,1
2021-04-12 09:36:01.280000+00:00,767,9974,1
2021-04-12 09:36:03.203000+00:00,774,10011,1
2021-04-12 09:36:05.118000+00:00,800,10030,1
2021-04-12 09:36:07.059000+00:00,778,10023,1
2021-04-12 09:36:08.976000+00:00,791,10001,1
2021-04-12 09:36:10.883000+00:00,770,9969,1
2021-04-12 09:36:12.775000+00:00,783,9980,1
2021-04-12 09:36:14.700000+00:00,791,9984,1
2021-04-12 09:36:16.616000+00:00,791,9990,1
2021-04-12 09:36:18.536000+00:00,803,9970,1
2021-04-12 09:36:20.441000+00:00,770,9979,1
2021-04-12 09:36:22.337000+00:00,778,10015,1
2021-04-12 09:36:24.258000+00:00,770,10028,1
2021-04-12 09:36:26.182000+00:00,791,10033,1
2021-04-12 09:36:28.099000+00:00,787,9986,1
2021-04-12 09:36:30.022000+00:00,803,9985,1
2021-04-12 09:36:31.957000+00:00,774,10015,1
2021-04-12 09:36:33.876000+00:00,783,10017,1
2021-04-12 09:36:35.797000+00:00,791,10022,1
2021-04-12 09:36:37.715000+00:00,795,10010,1
2021-04-12 09:36:39.622000+00:00,767,10009,1
2021-04-12 09:36:41.514000+00:00,767,9982,1
2021-04-12 09:36:43.457000+00:00,778,9976,1
2021-04-12 09:36:45.380000+00:00,778,10010,1
2021-04-12 09:36:47.298000+00:00,795,10034,1
2021-04-12 09:36:49.235000+00:00,795,10015,1
2021-04-12 09:36:51.140000+00:00,770,9987,1
2021-04-12 09:36:53.058000+00:00,807,10008,1
2021-04-12 09:36:54.980000+00:00,795,10017,1
2021-04-12 09:36:56.916000+00:00,787,10003,1
2021-04-12 09:36:58.914000+00:00,774,9979,1
2021-04-12 09:37:00.838000+00:00,774,9986,1
2021-04-12 09:37:02.737000+00:00,795,9965,1
2021-04-12 09:37:04.655000+00:00,791,10019,1
2021-04-12 09:37:06.575000+00:00,787,10012,1
2021-04-12 09:37:08.495000+00:00,770,10036,1
2021-04-12 09:37:10.434000+00:00,767,10027,1
2021-04-12 09:37:12.353000+00:00,787,10027,1
2021-04-12 09:37:14.277000+00:00,791,10018,1
2021-04-12 09:37:16.195000+00:00,791,10021,1
2021-04-12 09:37:18.094000+00:00,767,10029,1
2021-04-12 09:37:19.999000+00:00,770,9979,1
2021-04-12 09:37:21.915000+00:00,783,9994,1
2021-04-12 09:37:23.840000+00:00,787,10005,1
2021-04-12 09:37:25.755000+00:00,795,10030,1
2021-04-12 09:37:27.675000+00:00,791,9986,1
2021-04-12 09:37:29.576000+00:00,767,9992,1
2021-04-12 09:37:31.475000+00:00,778,9974,1
2021-04-12 09:37:33.394000+00:00,787,9975,1
2021-04-12 09:37:35.314000+00:00,795,10005,1
2021-04-12 09:37:37.236000+00:00,795,10029,1
2021-04-12 09:37:39.136000+00:00,770,10005,1
2021-04-12 09:37:41.073000+00:00,787,10006,1
2021-04-12 09:37:42.994000+00:00,795,10007,1
2021-04-12 09:37:44.913000+00:00,791,10030,1
2021-04-12 09:37:46.834000+00:00,791,9988,1
2021-04-12 09:37:48.735000+00:00,770,10032,1
2021-04-12 09:37:50.659000+00:00,774,10026,1
2021-04-12 09:37:52.576000+00:00,807,10018,1
2021-04-12 09:37:54.514000+00:00,783,10025,1
2021-04-12 09:37:56.451000+00:00,791,9983,1
2021-04-12 09:37:58.394000+00:00,767,10002,1
2021-04-12 09:38:00.319000+00:00,787,9983,1
2021-04-12 09:38:02.529000+00:00,778,9978,1
2021-04-12 09:38:04.456000+00:00,787,10010,1
2021-04-12 09:38:06.374000+00:00,787,9971,1
2021-04-12 09:38:08.271000+00:00,770,9984,1
2021-04-12 09:38:10.193000+00:00,770,10020,1
2021-04-12 09:38:12.111000+00:00,787,9989,1
2021-04-12 09:38:14.031000+00:00,791,9988,1
2021-04-12 09:38:15.933000+00:00,770,10021,1
2021-04-12 09:38:17.835000+00:00,770,10010,1
2021-04-12 09:38:19.731000+00:00,783,9990,1
2021-04-12 09:38:21.652000+00:00,791,9970,1
2021-04-12 09:38:23.571000+00:00,791,9989,1
2021-04-12 09:38:25.473000+00:00,774,9969,1
2021-04-12 09:38:27.374000+00:00,774,10031,1
2021-04-12 09:38:29.298000+00:00,783,10006,1
2021-04-12 09:38:31.215000+00:00,783,10021,1
2021-04-12 09:38:33.138000+00:00,791,9983,1
2021-04-12 09:38:35.054000+00:00,787,9975,1
2021-04-12 09:38:36.951000+00:00,767,9982,1
2021-04-12 09:38:38.870000+00:00,778,10019,1
2021-04-12 09:38:40.790000+00:00,778,10032,1
2021-04-12 09:38:42.712000+00:00,800,10014,1
2021-04-12 09:38:44.614000+00:00,770,9027,1
2021-04-12 09:38:46.514000+00:00,778,11,1
2021-04-12 09:38:48.433000+00:00,763,15245,1
2021-04-12 09:38:50.353000+00:00,774,15044,1
2021-04-12 09:38:52.293000+00:00,791,15018,1
2021-04-12 09:38:54.212000+00:00,783,15013,1
2021-04-12 09:38:56.113000+00:00,754,15006,1
2021-04-12 09:38:58.035000+00:00,767,15004,1
2021-04-12 09:38:59.975000+00:00,774,14985,1
2021-04-12 09:39:01.891000+00:00,778,14992,1
2021-04-12 09:39:03.811000+00:00,783,15014,1
2021-04-12 09:39:05.731000+00:00,750,15000,1
2021-04-12 09:39:07.632000+00:00,770,14994,1
2021-04-12 09:39:09.612000+00:00,758,14978,1
2021-04-12 09:39:11.532000+00:00,770,15015,1
2021-04-12 09:39:13.471000+00:00,783,15010,1
2021-04-12 09:39:15.469000+00:00,750,15007,1
2021-04-12 09:39:17.370000+00:00,763,15001,1
2021-04-12 09:39:19.295000+00:00,778,14987,1
2021-04-12 09:39:21.211000+00:00,774,15000,1
2021-04-12 09:39:23.131000+00:00,778,15011,1
2021-04-12 09:39:25.031000+00:00,754,15019,1
2021-04-12 09:39:26.953000+00:00,763,14990,1
2021-04-12 09:39:28.872000+00:00,791,14995,1
2021-04-12 09:39:30.796000+00:00,774,15018,1
2021-04-12 09:39:32.712000+00:00,770,14990,1
2021-04-12 09:39:34.649000+00:00,778,14998,1
2021-04-12 09:39:36.570000+00:00,763,14989,1
2021-04-12 09:39:38.491000+00:00,770,15026,1
2021-04-12 09:39:40.412000+00:00,774,15010,1
2021-04-12 09:39:42.329000+00:00,770,14990,1
2021-04-12 09:39:44.249000+00:00,778,14988,1
2021-04-12 09:39:46.152000+00:00,758,15013,1
2021-04-12 09:39:48.072000+00:00,767,15008,1
2021-04-12 09:39:49.991000+00:00,774,14983,1
2021-04-12 09:39:51.931000+00:00,770,14986,1
2021-04-12 09:39:53.850000+00:00,795,15010,1
2021-04-12 09:39:55.751000+00:00,758,15007,1
2021-04-12 09:39:57.672000+00:00,770,14979,1
2021-04-12 09:39:59.591000+00:00,770,15000,1
2021-04-12 09:40:01.511000+00:00,767,15016,1
2021-04-12 09:40:03.430000+00:00,774,15010,1
2021-04-12 09:40:05.328000+00:00,763,14995,1
2021-04-12 09:40:07.248000+00:00,763,15004,1
2021-04-12 09:40:09.169000+00:00,767,15013,1
2021-04-12 09:40:11.088000+00:00,774,14999,1
2021-04-12 09:40:12.988000+00:00,758,14989,1
2021-04-12 09:40:14.891000+00:00,754,15002,1
2021-04-12 09:40:16.814000+00:00,758,15015,1
2021-04-12 09:40:18.729000+00:00,774,14996,1
2021-04-12 09:40:20.649000+00:00,791,14987,1
2021-04-12 09:40:22.569000+00:00,778,14993,1
2021-04-12 09:40:24.467000+00:00,750,15011,1
2021-04-12 09:40:26.386000+00:00,770,14992,1
2021-04-12 09:40:28.309000+00:00,778,14985,1
2021-04-12 09:40:30.227000+00:00,783,15007,1
2021-04-12 09:40:32.132000+00:00,746,15014,1
2021-04-12 09:40:34.030000+00:00,767,14992,1
2021-04-12 09:40:35.950000+00:00,791,14997,1
2021-04-12 09:40:37.872000+00:00,770,15021,1
2021-04-12 09:40:39.791000+00:00,774,15021,1
2021-04-12 09:40:41.709000+00:00,783,14980,1
2021-04-12 09:40:43.607000+00:00,763,14995,1
2021-04-12 09:40:45.530000+00:00,763,14998,1
2021-04-12 09:40:47.447000+00:00,787,15017,1
2021-04-12 09:40:49.366000+00:00,778,15006,1
2021-04-12 09:40:51.269000+00:00,763,14993,1
2021-04-12 09:40:53.173000+00:00,754,15020,1
2021-04-12 09:40:55.093000+00:00,770,14991,1
2021-04-12 09:40:57.105000+00:00,774,14982,1
2021-04-12 09:40:59.026000+00:00,783,14995,1
2021-04-12 09:41:00.930000+00:00,778,15000,1
2021-04-12 09:41:02.828000+00:00,770,15015,1
2021-04-12 09:41:04.768000+00:00,767,14983,1
2021-04-12 09:41:06.688000+00:00,774,14986,1
2021-04-12 09:41:08.607000+00:00,778,14997,1
2021-04-12 09:41:10.531000+00:00,783,15019,1
2021-04-12 09:41:12.428000+00:00,763,15002,1
2021-04-12 09:41:14.348000+00:00,791,14985,1
2021-04-12 09:41:16.272000+00:00,770,14999,1
2021-04-12 09:41:18.187000+00:00,774,14996,1
2021-04-12 09:41:20.109000+00:00,778,14984,1
2021-04-12 09:41:22.004000+00:00,763,15003,1
2021-04-12 09:41:23.927000+00:00,758,15015,1
2021-04-12 09:41:25.844000+00:00,770,14990,1
2021-04-12 09:41:27.767000+00:00,787,14986,1
2021-04-12 09:41:29.685000+00:00,791,14997,1
2021-04-12 09:41:31.627000+00:00,758,15007,1
2021-04-12 09:41:33.547000+00:00,763,14998,1
2021-04-12 09:41:35.467000+00:00,758,14983,1
2021-04-12 09:41:37.387000+00:00,767,14980,1
2021-04-12 09:41:39.307000+00:00,795,15002,1
2021-04-12 09:41:41.227000+00:00,791,15007,1
2021-04-12 09:41:43.125000+00:00,758,15000,1
2021-04-12 09:41:45.048000+00:00,770,15002,1
2021-04-12 09:41:46.965000+00:00,783,15004,1
2021-04-12 09:41:48.886000+00:00,800,14998,1
2021-04-12 09:41:50.785000+00:00,758,14982,1
2021-04-12 09:41:52.688000+00:00,783,15005,1
2021-04-12 09:41:54.607000+00:00,770,15012,1
2021-04-12 09:41:56.604000+00:00,778,14996,1
2021-04-12 09:41:58.543000+00:00,763,15009,1
2021-04-12 09:42:00.446000+00:00,754,14987,1
2021-04-12 09:42:02.347000+00:00,767,14992,1
2021-04-12 09:42:04.284000+00:00,787,15010,1
2021-04-12 09:42:06.206000+00:00,767,15009,1
2021-04-12 09:42:08.127000+00:00,770,14995,1
2021-04-12 09:42:10.048000+00:00,800,14993,1
2021-04-12 09:42:11.945000+00:00,763,15018,1
2021-04-12 09:42:13.866000+00:00,763,14994,1
2021-04-12 09:42:15.785000+00:00,767,14991,1
2021-04-12 09:42:17.724000+00:00,795,15003,1
2021-04-12 09:42:19.647000+00:00,787,15017,1
2021-04-12 09:42:21.546000+00:00,763,15008,1
2021-04-12 09:42:23.466000+00:00,770,14988,1
2021-04-12 09:42:25.387000+00:00,774,15005,1
2021-04-12 09:42:27.310000+00:00,778,15005,1
2021-04-12 09:42:29.245000+00:00,800,15016,1
2021-04-12 09:42:31.145000+00:00,758,14987,1
2021-04-12 09:42:33.067000+00:00,763,15004,1
2021-04-12 09:42:34.985000+00:00,758,15023,1
2021-04-12 09:42:36.905000+00:00,774,15008,1
2021-04-12 09:42:38.825000+00:00,778,14988,1
2021-04-12 09:42:40.744000+00:00,787,14989,1
2021-04-12 09:42:42.643000+00:00,807,7252,1
2021-04-12 09:42:44.543000+00:00,800,-12,1
2021-04-12 09:42:46.468000+00:00,795,2112,1
2021-04-12 09:42:48.384000+00:00,800,2062,1
2021-04-12 09:42:50.304000+00:00,774,1980,1
2021-04-12 09:42:52.227000+00:00,787,36,1
2021-04-12 09:42:54.143000+00:00,750,20538,1
2021-04-12 09:42:56.063000+00:00,795,878,1
2021-04-12 09:42:57.987000+00:00,758,21277,1
2021-04-12 09:42:59.884000+00:00,737,20189,1
2021-04-12 09:43:01.806000+00:00,746,20026,1
2021-04-12 09:43:03.724000+00:00,767,20007,1
2021-04-12 09:43:05.645000+00:00,754,20014,1
2021-04-12 09:43:07.565000+00:00,754,19996,1
2021-04-12 09:43:09.484000+00:00,770,20008,1
2021-04-12 09:43:11.385000+00:00,763,19987,1
2021-04-12 09:43:13.302000+00:00,750,19986,1
2021-04-12 09:43:15.225000+00:00,758,20003,1
2021-04-12 09:43:17.140000+00:00,770,19999,1
2021-04-12 09:43:19.043000+00:00,737,19986,1
2021-04-12 09:43:20.944000+00:00,758,20008,1
2021-04-12 09:43:22.864000+00:00,750,20002,1
2021-04-12 09:43:24.783000+00:00,750,19988,1
2021-04-12 09:43:26.704000+00:00,774,20009,1
2021-04-12 09:43:28.625000+00:00,770,19994,1
2021-04-12 09:43:30.520000+00:00,741,19992,1
2021-04-12 09:43:32.440000+00:00,758,20016,1
2021-04-12 09:43:34.365000+00:00,783,19988,1
2021-04-12 09:43:36.282000+00:00,767,20004,1
2021-04-12 09:43:38.182000+00:00,734,19985,1
2021-04-12 09:43:40.083000+00:00,746,19999,1
2021-04-12 09:43:42.007000+00:00,750,19987,1
2021-04-12 09:43:43.923000+00:00,763,20005,1
2021-04-12 09:43:45.847000+00:00,787,20004,1
2021-04-12 09:43:47.762000+00:00,778,19994,1
2021-04-12 09:43:49.659000+00:00,737,19991,1
2021-04-12 09:43:51.583000+00:00,763,20004,1
2021-04-12 09:43:53.499000+00:00,763,20004,1
2021-04-12 09:43:55.420000+00:00,763,19988,1
2021-04-12 09:43:57.322000+00:00,754,20014,1
2021-04-12 09:43:59.222000+00:00,746,20014,1
2021-04-12 09:44:01.146000+00:00,746,19989,1
2021-04-12 09:44:03.062000+00:00,767,20011,1
2021-04-12 09:44:04.984000+00:00,783,19995,1
2021-04-12 09:44:06.921000+00:00,783,20013,1
2021-04-12 09:44:08.826000+00:00,750,19988,1
2021-04-12 09:44:10.746000+00:00,770,20002,1
2021-04-12 09:44:12.666000+00:00,783,19996,1
2021-04-12 09:44:14.585000+00:00,795,20010,1
2021-04-12 09:44:16.520000+00:00,778,19997,1
2021-04-12 09:44:18.423000+00:00,737,19991,1
2021-04-12 09:44:20.320000+00:00,754,20008,1
2021-04-12 09:44:22.240000+00:00,770,20000,1
2021-04-12 09:44:24.202000+00:00,783,20001,1
2021-04-12 09:44:26.121000+00:00,770,20004,1
2021-04-12 09:44:28.021000+00:00,750,20006,1
2021-04-12 09:44:29.944000+00:00,746,19999,1
2021-04-12 09:44:31.864000+00:00,750,19992,1
2021-04-12 09:44:33.781000+00:00,758,20008,1
2021-04-12 09:44:35.702000+00:00,763,19987,1
2021-04-12 09:44:37.641000+00:00,770,19988,1
2021-04-12 09:44:39.542000+00:00,763,19995,1
2021-04-12 09:44:41.465000+00:00,758,20017,1
2021-04-12 09:44:43.381000+00:00,754,19986,1
2021-04-12 09:44:45.302000+00:00,763,19987,1
2021-04-12 09:44:47.225000+00:00,763,19988,1
2021-04-12 09:44:49.120000+00:00,737,20000,1
2021-04-12 09:44:51.038000+00:00,763,19980,1
2021-04-12 09:44:52.957000+00:00,774,20005,1
2021-04-12 09:44:54.877000+00:00,763,20009,1
2021-04-12 09:44:56.797000+00:00,737,20004,1
2021-04-12 09:44:58.758000+00:00,734,20003,1
2021-04-12 09:45:00.660000+00:00,741,19995,1
2021-04-12 09:45:02.602000+00:00,758,19995,1
2021-04-12 09:45:04.520000+00:00,763,19999,1
2021-04-12 09:45:06.441000+00:00,770,19994,1
2021-04-12 09:45:08.344000+00:00,758,19992,1
2021-04-12 09:45:10.260000+00:00,754,19991,1
2021-04-12 09:45:12.181000+00:00,770,19990,1
2021-04-12 09:45:14.100000+00:00,763,19989,1
2021-04-12 09:45:16.022000+00:00,758,20005,1
2021-04-12 09:45:17.916000+00:00,746,19995,1
2021-04-12 09:45:19.836000+00:00,767,19985,1
2021-04-12 09:45:21.757000+00:00,770,19999,1
2021-04-12 09:45:23.676000+00:00,778,20010,1
2021-04-12 09:45:25.619000+00:00,734,20004,1
2021-04-12 09:45:27.517000+00:00,734,20003,1
2021-04-12 09:45:29.436000+00:00,763,20005,1
2021-04-12 09:45:31.358000+00:00,763,19986,1
2021-04-12 09:45:33.276000+00:00,763,20002,1
2021-04-12 09:45:35.177000+00:00,746,19997,1
2021-04-12 09:45:37.083000+00:00,741,19996,1
2021-04-12 09:45:38.999000+00:00,737,19992,1
2021-04-12 09:45:40.918000+00:00,754,19996,1
2021-04-12 09:45:42.840000+00:00,754,19994,1
2021-04-12 09:45:44.759000+00:00,767,19995,1
2021-04-12 09:45:46.656000+00:00,746,19998,1
2021-04-12 09:45:48.578000+00:00,746,20002,1
2021-04-12 09:45:50.500000+00:00,746,19984,1
2021-04-12 09:45:52.415000+00:00,754,19999,1
2021-04-12 09:45:54.321000+00:00,737,19998,1
2021-04-12 09:45:56.217000+00:00,746,19997,1
2021-04-12 09:45:58.234000+00:00,767,20017,1
2021-04-12 09:46:00.154000+00:00,746,19995,1
2021-04-12 09:46:02.078000+00:00,767,19998,1
2021-04-12 09:46:03.979000+00:00,741,19998,1
2021-04-12 09:46:05.879000+00:00,750,20008,1
2021-04-12 09:46:07.800000+00:00,737,20000,1
2021-04-12 09:46:09.719000+00:00,750,20006,1
2021-04-12 09:46:11.657000+00:00,758,20011,1
2021-04-12 09:46:13.636000+00:00,767,19995,1
2021-04-12 09:46:15.537000+00:00,741,19993,1
2021-04-12 09:46:17.458000+00:00,754,20003,1
2021-04-12 09:46:19.377000+00:00,758,19988,1
2021-04-12 09:46:21.298000+00:00,767,20006,1
2021-04-12 09:46:23.221000+00:00,774,19997,1
2021-04-12 09:46:25.114000+00:00,741,20003,1
2021-04-12 09:46:27.034000+00:00,746,19994,1
2021-04-12 09:46:28.956000+00:00,758,20010,1
2021-04-12 09:46:30.876000+00:00,763,19997,1
2021-04-12 09:46:32.793000+00:00,778,20001,1
2021-04-12 09:46:34.694000+00:00,750,19986,1
2021-04-12 09:46:36.615000+00:00,750,19990,1
2021-04-12 09:46:38.538000+00:00,754,20005,1
2021-04-12 09:46:40.456000+00:00,754,19994,1
2021-04-12 09:46:42.376000+00:00,767,19993,1
2021-04-12 09:46:44.336000+00:00,737,20001,1
2021-04-12 09:46:46.235000+00:00,737,20005,1
2021-04-12 09:46:48.158000+00:00,767,20013,1
2021-04-12 09:46:50.075000+00:00,800,5039,1
2021-04-12 09:46:52.035000+00:00,795,-6,1
2021-04-12 09:46:54.018000+00:00,778,-69,1
2021-04-12 09:46:57.836000+00:00,820,2,1
2021-04-12 09:46:59.736000+00:00,570,2,1
2021-04-12 09:47:01.652000+00:00,676,24,1
2021-04-12 09:47:03.559000+00:00,791,3,1
2021-04-12 09:47:05.455000+00:00,807,-1,1
2021-04-12 09:47:07.354000+00:00,807,2,1
2021-04-12 09:47:09.255000+00:00,803,2,1
2021-04-12 09:47:13.094000+00:00,754,25818,1
2021-04-12 09:47:15.133000+00:00,795,750,1
2021-04-12 09:47:17.114000+00:00,721,26643,1
2021-04-12 09:47:19.033000+00:00,737,25245,1
2021-04-12 09:47:20.953000+00:00,783,25039,1
2021-04-12 09:47:22.877000+00:00,787,25005,1
2021-04-12 09:47:24.775000+00:00,778,5017,1
2021-04-12 09:47:26.672000+00:00,815,1,1
2021-04-12 09:47:30.476000+00:00,831,1,1
2021-04-12 09:47:32.394000+00:00,800,20477,1
2021-04-12 09:47:34.291000+00:00,737,20060,1
2021-04-12 09:47:36.212000+00:00,763,20009,1
2021-04-12 09:47:38.135000+00:00,778,20005,1
2021-04-12 09:47:40.135000+00:00,800,20010,1
2021-04-12 09:47:42.055000+00:00,791,20000,1
2021-04-12 09:47:43.951000+00:00,750,19981,1
2021-04-12 09:47:45.871000+00:00,767,20008,1
2021-04-12 09:47:47.791000+00:00,783,19991,1
2021-04-12 09:47:49.711000+00:00,800,19996,1
2021-04-12 09:47:51.613000+00:00,763,19996,1
2021-04-12 09:47:53.516000+00:00,803,19990,1
2021-04-12 09:47:55.433000+00:00,778,19991,1
2021-04-12 09:47:57.353000+00:00,815,20011,1
2021-04-12 09:47:59.893000+00:00,852,19999,1
2021-04-12 09:48:01.930000+00:00,758,19994,1
2021-04-12 09:48:03.928000+00:00,737,19992,1
2021-04-12 09:48:05.852000+00:00,750,19993,1
2021-04-12 09:48:07.768000+00:00,754,20011,1
2021-04-12 09:48:09.688000+00:00,763,19996,1
2021-04-12 09:48:11.589000+00:00,758,19992,1
2021-04-12 09:48:13.495000+00:00,750,20011,1
2021-04-12 09:48:15.413000+00:00,746,20002,1
2021-04-12 09:48:17.335000+00:00,750,19997,1
2021-04-12 09:48:19.252000+00:00,754,19994,1
2021-04-12 09:48:21.170000+00:00,770,19998,1
2021-04-12 09:48:23.067000+00:00,758,19984,1
2021-04-12 09:48:24.992000+00:00,746,20000,1
2021-04-12 09:48:26.910000+00:00,750,20009,1
2021-04-12 09:48:28.829000+00:00,754,19999,1
2021-04-12 09:48:30.729000+00:00,741,20000,1
2021-04-12 09:48:32.631000+00:00,746,19989,1
2021-04-12 09:48:34.568000+00:00,763,19988,1
2021-04-12 09:48:36.488000+00:00,767,19982,1
2021-04-12 09:48:38.431000+00:00,770,19998,1
2021-04-12 09:48:40.349000+00:00,741,19998,1
2021-04-12 09:48:42.251000+00:00,750,20003,1
2021-04-12 09:48:44.149000+00:00,746,19988,1
2021-04-12 09:48:46.071000+00:00,763,19999,1
2021-04-12 09:48:47.990000+00:00,767,19985,1
2021-04-12 09:48:49.909000+00:00,770,20004,1
2021-04-12 09:48:51.807000+00:00,737,19987,1
2021-04-12 09:48:53.731000+00:00,754,20003,1
2021-04-12 09:48:55.669000+00:00,754,19990,1
2021-04-12 09:48:57.590000+00:00,767,20001,1
2021-04-12 09:48:59.514000+00:00,758,19993,1
2021-04-12 09:49:01.406000+00:00,767,19998,1
2021-04-12 09:49:03.329000+00:00,774,19991,1
2021-04-12 09:49:05.250000+00:00,770,20003,1
2021-04-12 09:49:07.170000+00:00,754,20002,1
2021-04-12 09:49:09.069000+00:00,750,20006,1
2021-04-12 09:49:10.970000+00:00,770,20003,1
2021-04-12 09:49:12.888000+00:00,770,19995,1
2021-04-12 09:49:14.810000+00:00,763,20018,1
2021-04-12 09:49:16.728000+00:00,746,20000,1
2021-04-12 09:49:18.650000+00:00,750,20004,1
2021-04-12 09:49:20.546000+00:00,746,19994,1
2021-04-12 09:49:22.469000+00:00,750,19996,1
2021-04-12 09:49:24.390000+00:00,767,20003,1
2021-04-12 09:49:26.304000+00:00,770,20004,1
2021-04-12 09:49:28.206000+00:00,741,20001,1
2021-04-12 09:49:30.108000+00:00,746,20002,1
2021-04-12 09:49:32.032000+00:00,750,19999,1
2021-04-12 09:49:33.950000+00:00,754,20002,1
2021-04-12 09:49:35.869000+00:00,763,20004,1
2021-04-12 09:49:37.791000+00:00,778,19998,1
2021-04-12 09:49:39.689000+00:00,750,19994,1
2021-04-12 09:49:41.606000+00:00,746,20004,1
2021-04-12 09:49:43.527000+00:00,754,19988,1
2021-04-12 09:49:45.445000+00:00,758,19996,1
2021-04-12 09:49:47.348000+00:00,750,20002,1
2021-04-12 09:49:49.250000+00:00,763,20001,1
2021-04-12 09:49:51.187000+00:00,767,19996,1
2021-04-12 09:49:53.106000+00:00,783,20007,1
2021-04-12 09:49:55.028000+00:00,770,19999,1
2021-04-12 09:49:56.948000+00:00,750,19998,1
2021-04-12 09:49:58.849000+00:00,750,19999,1
2021-04-12 09:50:00.768000+00:00,774,20002,1
2021-04-12 09:50:02.687000+00:00,778,20001,1
2021-04-12 09:50:04.610000+00:00,767,20001,1
2021-04-12 09:50:06.549000+00:00,763,20001,1
2021-04-12 09:50:08.451000+00:00,754,19985,1
2021-04-12 09:50:10.367000+00:00,770,20000,1
2021-04-12 09:50:12.309000+00:00,754,20002,1
2021-04-12 09:50:14.227000+00:00,767,20001,1
2021-04-12 09:50:16.147000+00:00,750,20002,1
2021-04-12 09:50:18.048000+00:00,746,19985,1
2021-04-12 09:50:19.968000+00:00,754,20010,1
2021-04-12 09:50:21.886000+00:00,754,19988,1
2021-04-12 09:50:23.809000+00:00,774,20009,1
2021-04-12 09:50:25.727000+00:00,774,20000,1
2021-04-12 09:50:27.646000+00:00,758,19996,1
2021-04-12 09:50:29.547000+00:00,741,19997,1
2021-04-12 09:50:31.466000+00:00,754,20004,1
2021-04-12 09:50:33.383000+00:00,774,20005,1
2021-04-12 09:50:35.307000+00:00,770,19995,1
2021-04-12 09:50:37.204000+00:00,746,19995,1
2021-04-12 09:50:39.106000+00:00,750,19990,1
2021-04-12 09:50:41.107000+00:00,758,19991,1
2021-04-12 09:50:43.024000+00:00,754,19997,1
2021-04-12 09:50:44.947000+00:00,754,19993,1
2021-04-12 09:50:46.847000+00:00,754,19989,1
2021-04-12 09:50:48.742000+00:00,770,20005,1
2021-04-12 09:50:50.664000+00:00,750,19998,1
2021-04-12 09:50:52.583000+00:00,746,20009,1
2021-04-12 09:50:54.524000+00:00,750,19990,1
2021-04-12 09:50:56.446000+00:00,746,19994,1
2021-04-12 09:50:58.365000+00:00,750,20001,1
2021-04-12 09:51:00.284000+00:00,754,19984,1
2021-04-12 09:51:02.206000+00:00,758,19999,1
2021-04-12 09:51:04.126000+00:00,758,20010,1
2021-04-12 09:51:06.066000+00:00,767,19987,1
2021-04-12 09:51:07.965000+00:00,763,20006,1
2021-04-12 09:51:09.885000+00:00,750,19991,1
2021-04-12 09:51:11.805000+00:00,758,20004,1
2021-04-12 09:51:13.724000+00:00,770,20001,1
2021-04-12 09:51:15.709000+00:00,783,20012,1
2021-04-12 09:51:17.602000+00:00,770,19999,1
2021-04-12 09:51:19.521000+00:00,767,19994,1
2021-04-12 09:51:21.443000+00:00,754,20000,1
2021-04-12 09:51:23.360000+00:00,754,19998,1
2021-04-12 09:51:25.262000+00:00,754,20006,1
2021-04-12 09:51:27.166000+00:00,767,19996,1
2021-04-12 09:51:29.162000+00:00,767,19994,1
2021-04-12 09:51:31.087000+00:00,770,19999,1
2021-04-12 09:51:33.004000+00:00,774,20012,1
2021-04-12 09:51:34.923000+00:00,778,19989,1
2021-04-12 09:51:36.826000+00:00,750,20000,1
2021-04-12 09:51:38.766000+00:00,770,19997,1
2021-04-12 09:51:40.682000+00:00,774,20002,1
2021-04-12 09:51:42.601000+00:00,763,19988,1
2021-04-12 09:51:44.524000+00:00,774,19999,1
2021-04-12 09:51:46.423000+00:00,783,20014,1
2021-04-12 09:51:48.343000+00:00,746,19988,1
2021-04-12 09:51:50.263000+00:00,754,20004,1
2021-04-12 09:51:52.183000+00:00,754,19995,1
2021-04-12 09:51:54.103000+00:00,763,20002,1
2021-04-12 09:51:56.001000+00:00,754,19990,1
2021-04-12 09:51:57.922000+00:00,770,20002,1
2021-04-12 09:51:59.839000+00:00,750,20019,1
2021-04-12 09:52:01.761000+00:00,754,19990,1
2021-04-12 09:52:03.661000+00:00,754,20009,1
2021-04-12 09:52:05.562000+00:00,750,19996,1
2021-04-12 09:52:07.500000+00:00,746,19997,1
2021-04-12 09:52:09.421000+00:00,746,19995,1
2021-04-12 09:52:11.344000+00:00,750,19998,1
2021-04-12 09:52:13.260000+00:00,754,19999,1
2021-04-12 09:52:15.162000+00:00,754,19990,1
2021-04-12 09:52:17.082000+00:00,763,20000,1
2021-04-12 09:52:19.003000+00:00,750,19992,1
2021-04-12 09:52:20.923000+00:00,754,20009,1
2021-04-12 09:52:22.842000+00:00,746,19996,1
2021-04-12 09:52:24.740000+00:00,746,19984,1
2021-04-12 09:52:26.659000+00:00,746,20012,1
2021-04-12 09:52:28.578000+00:00,754,19990,1
2021-04-12 09:52:30.501000+00:00,767,19998,1
2021-04-12 09:52:32.400000+00:00,746,20013,1
2021-04-12 09:52:34.302000+00:00,741,19999,1
2021-04-12 09:52:36.221000+00:00,750,19998,1
2021-04-12 09:52:38.141000+00:00,754,20003,1
2021-04-12 09:52:40.063000+00:00,754,20017,1
2021-04-12 09:52:41.981000+00:00,758,20006,1
2021-04-12 09:52:43.881000+00:00,750,20002,1
2021-04-12 09:52:45.799000+00:00,750,20008,1
2021-04-12 09:52:47.718000+00:00,758,19995,1
2021-04-12 09:52:49.639000+00:00,754,20003,1
2021-04-12 09:52:51.563000+00:00,763,19992,1
2021-04-12 09:52:53.461000+00:00,763,20005,1
2021-04-12 09:52:55.381000+00:00,741,20019,1
2021-04-12 09:52:57.299000+00:00,758,20018,1
2021-04-12 09:52:59.220000+00:00,746,19999,1
2021-04-12 09:53:01.140000+00:00,754,20007,1
2021-04-12 09:53:03.041000+00:00,746,19998,1
2021-04-12 09:53:04.940000+00:00,754,20007,1
2021-04-12 09:53:06.857000+00:00,746,20006,1
2021-04-12 09:53:08.782000+00:00,750,19998,1
2021-04-12 09:53:10.698000+00:00,746,20010,1
2021-04-12 09:53:12.601000+00:00,750,19991,1
2021-04-12 09:53:14.501000+00:00,750,19991,1
2021-04-12 09:53:16.421000+00:00,767,48320034,1
2021-04-12 09:53:18.340000+00:00,783,909,1
2021-04-12 09:53:25.982000+00:00,783,-1,1
2021-04-12 09:53:27.880000+00:00,778,1,1
2021-04-12 09:53:29.801000+00:00,774,2,1
2021-04-12 09:53:31.719000+00:00,778,-1,1
2021-04-12 09:53:33.620000+00:00,778,2,1
2021-04-12 09:53:37.420000+00:00,783,-3,1
2021-04-12 09:53:39.342000+00:00,783,-1,1
2021-04-12 09:53:41.260000+00:00,783,1,1
2021-04-12 09:53:43.156000+00:00,778,-1,1
2021-04-12 09:53:45.058000+00:00,778,-2,1
2021-04-12 09:53:46.960000+00:00,778,-1,1
2021-04-12 09:53:48.879000+00:00,778,-1,1
2021-04-12 09:53:50.800000+00:00,787,1,1
2021-04-12 09:53:52.700000+00:00,783,2,1
2021-04-12 09:53:54.600000+00:00,783,1,1
2021-04-12 09:53:56.500000+00:00,778,-2,1
2021-04-12 09:53:58.418000+00:00,783,-2,1
2021-04-12 09:54:00.338000+00:00,783,1,1
2021-04-12 09:54:04.320000+00:00,783,1,1
2021-04-12 09:54:08.138000+00:00,778,4,1
2021-04-12 09:54:15.758000+00:00,783,-1,1
2021-04-12 09:54:25.318000+00:00,778,2,1
2021-04-12 09:54:29.141000+00:00,783,2,1
2021-04-12 09:54:34.837000+00:00,783,-1,1
2021-04-12 09:54:38.679000+00:00,783,2,1
2021-04-12 09:54:40.597000+00:00,778,-2,1
2021-04-12 09:54:42.536000+00:00,778,1,1
2021-04-12 09:54:44.437000+00:00,778,1,1
2021-04-12 09:54:46.357000+00:00,783,3,1
2021-04-12 09:54:50.178000+00:00,774,-2,1
2021-04-12 09:54:52.075000+00:00,783,-2,1
